begin
for i in (select constraint_name, table_name from user_constraints where table_name in ('HISTORIA_EMPREGADO', 'EMPREGADO', 'SERVICO', 'DEPARTAMENTO', 'LOCAL', 'PAIS', 'REGIAO')) LOOP
execute immediate 'alter table '||i.table_name||' disable constraint '||i.constraint_name||'';
end loop;
end;
/

TRUNCATE TABLE HISTORIA_EMPREGADO
;

TRUNCATE TABLE EMPREGADO
;

TRUNCATE TABLE SERVICO
;

TRUNCATE TABLE DEPARTAMENTO
;

TRUNCATE TABLE LOCAL
;

TRUNCATE TABLE PAIS
;

TRUNCATE TABLE REGIAO
;

DROP TABLE HISTORIA_EMPREGADO
;

DROP TABLE EMPREGADO
;

DROP TABLE DEPARTAMENTO
;

DROP TABLE LOCAL
;

DROP TABLE PAIS
;

DROP TABLE REGIAO
;

DROP TABLE SERVICO
;

CREATE TABLE REGIAO (
  COD_REGIAO NUMBER CONSTRAINT REGION_ID_NN NOT NULL ENABLE,
  NOME_REGIAO VARCHAR2(25 BYTE),
  CONSTRAINT REG_ID_PK PRIMARY KEY (COD_REGIAO)
)
;

CREATE TABLE PAIS (
  COD_PAIS CHAR(2 BYTE) CONSTRAINT COUNTRY_ID_NN NOT NULL ENABLE,
  NOME_PAIS VARCHAR2(40 BYTE),
  COD_REGIAO NUMBER,
  CONSTRAINT COUNTRY_C_ID_PK PRIMARY KEY (COD_PAIS) ENABLE
)
;

CREATE TABLE LOCAL (
  COD_LOCAL NUMBER(4,0),
  ENDERECO VARCHAR2(40 BYTE),
  CEP VARCHAR2(12 BYTE),
  CIDADE VARCHAR2(30 BYTE) CONSTRAINT LOC_CITY_NN NOT NULL ENABLE,
  ESTADO VARCHAR2(25 BYTE),
  COD_PAIS CHAR(2 BYTE),
  CONSTRAINT LOC_ID_PK PRIMARY KEY (COD_LOCAL)
)
;

CREATE TABLE SERVICO (
  COD_SERVICO VARCHAR2(10 BYTE),
  NOME_SERVICO VARCHAR2(35 BYTE) CONSTRAINT JOB_TITLE_NN NOT NULL ENABLE,
  SALARIO_MIN NUMBER(6,0),
  SALARIO_MAX NUMBER(6,0),
  CONSTRAINT JOB_ID_PK PRIMARY KEY (COD_SERVICO)
)
;

CREATE TABLE DEPARTAMENTO (
  COD_DEP NUMBER(4,0),
  NOME_DEP VARCHAR2(30 BYTE) CONSTRAINT DEPT_NAME_NN NOT NULL ENABLE,
  COD_GERENTE NUMBER(6,0),
  COD_LOCAL NUMBER(4,0),
  CONSTRAINT DEPT_ID_PK PRIMARY KEY (COD_DEP)
)
;

CREATE INDEX DEPT_LOCATION_IX ON DEPARTAMENTO (COD_LOCAL)
;

CREATE TABLE EMPREGADO (
  COD_EMP NUMBER(6,0),
  NOME VARCHAR2(20 BYTE),
  SOBRENOME VARCHAR2(25 BYTE) CONSTRAINT EMP_LAST_NAME_NN NOT NULL ENABLE,
  EMAIL VARCHAR2(25 BYTE) CONSTRAINT EMP_EMAIL_NN NOT NULL ENABLE,
  TELEFONE VARCHAR2(20 BYTE),
  DATA_CONTRATACAO DATE CONSTRAINT EMP_HIRE_DATE_NN NOT NULL ENABLE,
  COD_SERVICO VARCHAR2(10 BYTE) CONSTRAINT EMP_JOB_NN NOT NULL ENABLE,
  SALARIO NUMBER(8,2),
  PCT_COMISSAO NUMBER(2,2),
  COD_GERENTE NUMBER(6,0),
  COD_DEP NUMBER(4,0),
  CONSTRAINT EMP_EMP_ID_PK PRIMARY KEY (COD_EMP),
  CONSTRAINT EMP_SALARY_MIN CHECK (SALARIO>0) ENABLE,
  CONSTRAINT EMP_EMAIL_UK UNIQUE (EMAIL)
)
;

CREATE INDEX EMP_DEPARTMENT_IX ON EMPREGADO (COD_DEP)
;

CREATE INDEX EMP_JOB_IX ON EMPREGADO (COD_SERVICO)
;

CREATE INDEX EMP_MANAGER_IX ON EMPREGADO (COD_GERENTE)
;

CREATE INDEX EMP_NAME_IX ON EMPREGADO (SOBRENOME, NOME)
;

CREATE TABLE HISTORIA_EMPREGADO (
  COD_EMP NUMBER(6,0) CONSTRAINT JHIST_EMPLOYEE_NN NOT NULL ENABLE,
  DATA_INICIO DATE CONSTRAINT JHIST_START_DATE_NN NOT NULL ENABLE,
  DATA_FIM DATE CONSTRAINT JHIST_END_DATE_NN NOT NULL ENABLE,
  COD_SERVICO VARCHAR2(10 BYTE) CONSTRAINT JHIST_JOB_NN NOT NULL ENABLE,
  COD_DEP NUMBER(4,0),
  CONSTRAINT JHIST_DATE_INTERVAL CHECK (DATA_FIM>DATA_INICIO) ENABLE,
  CONSTRAINT JHIST_EMP_ID_ST_DATE_PK PRIMARY KEY (COD_EMP, DATA_INICIO)
)
;

CREATE INDEX JHIST_DEPARTMENT_IX ON HISTORIA_EMPREGADO (COD_DEP)
;

CREATE INDEX JHIST_EMPLOYEE_IX ON HISTORIA_EMPREGADO (COD_EMP)
;

CREATE INDEX JHIST_JOB_IX ON HISTORIA_EMPREGADO (COD_SERVICO)
;

Insert into REGIAO (COD_REGIAO,NOME_REGIAO) values (1,'Europe');
Insert into REGIAO (COD_REGIAO,NOME_REGIAO) values (2,'Americas');
Insert into REGIAO (COD_REGIAO,NOME_REGIAO) values (3,'Asia');
Insert into REGIAO (COD_REGIAO,NOME_REGIAO) values (4,'Middle East and Africa');

Insert into PAIS (COD_PAIS,NOME_PAIS,COD_REGIAO) values ('AR','Argentina',2);
Insert into PAIS (COD_PAIS,NOME_PAIS,COD_REGIAO) values ('AU','Australia',3);
Insert into PAIS (COD_PAIS,NOME_PAIS,COD_REGIAO) values ('BE','Belgium',1);
Insert into PAIS (COD_PAIS,NOME_PAIS,COD_REGIAO) values ('BR','Brazil',2);
Insert into PAIS (COD_PAIS,NOME_PAIS,COD_REGIAO) values ('CA','Canada',2);
Insert into PAIS (COD_PAIS,NOME_PAIS,COD_REGIAO) values ('CH','Switzerland',1);
Insert into PAIS (COD_PAIS,NOME_PAIS,COD_REGIAO) values ('CN','China',3);
Insert into PAIS (COD_PAIS,NOME_PAIS,COD_REGIAO) values ('DE','Germany',1);
Insert into PAIS (COD_PAIS,NOME_PAIS,COD_REGIAO) values ('DK','Denmark',1);
Insert into PAIS (COD_PAIS,NOME_PAIS,COD_REGIAO) values ('EG','Egypt',4);
Insert into PAIS (COD_PAIS,NOME_PAIS,COD_REGIAO) values ('FR','France',1);
Insert into PAIS (COD_PAIS,NOME_PAIS,COD_REGIAO) values ('HK','HongKong',3);
Insert into PAIS (COD_PAIS,NOME_PAIS,COD_REGIAO) values ('IL','Israel',4);
Insert into PAIS (COD_PAIS,NOME_PAIS,COD_REGIAO) values ('IN','India',3);
Insert into PAIS (COD_PAIS,NOME_PAIS,COD_REGIAO) values ('IT','Italy',1);
Insert into PAIS (COD_PAIS,NOME_PAIS,COD_REGIAO) values ('JP','Japan',3);
Insert into PAIS (COD_PAIS,NOME_PAIS,COD_REGIAO) values ('KW','Kuwait',4);
Insert into PAIS (COD_PAIS,NOME_PAIS,COD_REGIAO) values ('MX','Mexico',2);
Insert into PAIS (COD_PAIS,NOME_PAIS,COD_REGIAO) values ('NG','Nigeria',4);
Insert into PAIS (COD_PAIS,NOME_PAIS,COD_REGIAO) values ('NL','Netherlands',1);
Insert into PAIS (COD_PAIS,NOME_PAIS,COD_REGIAO) values ('SG','Singapore',3);
Insert into PAIS (COD_PAIS,NOME_PAIS,COD_REGIAO) values ('UK','United Kingdom',1);
Insert into PAIS (COD_PAIS,NOME_PAIS,COD_REGIAO) values ('US','United States of America',2);
Insert into PAIS (COD_PAIS,NOME_PAIS,COD_REGIAO) values ('ZM','Zambia',4);
Insert into PAIS (COD_PAIS,NOME_PAIS,COD_REGIAO) values ('ZW','Zimbabwe',4);

Insert into LOCAL (COD_LOCAL,ENDERECO,CEP,CIDADE,ESTADO,COD_PAIS) values (1000,'1297 Via Cola di Rie','00989','Roma',null,'IT');
Insert into LOCAL (COD_LOCAL,ENDERECO,CEP,CIDADE,ESTADO,COD_PAIS) values (1100,'93091 Calle della Testa','10934','Venice',null,'IT');
Insert into LOCAL (COD_LOCAL,ENDERECO,CEP,CIDADE,ESTADO,COD_PAIS) values (1200,'2017 Shinjuku-ku','1689','Tokyo','Tokyo Prefecture','JP');
Insert into LOCAL (COD_LOCAL,ENDERECO,CEP,CIDADE,ESTADO,COD_PAIS) values (1300,'9450 Kamiya-cho','6823','Hiroshima',null,'JP');
Insert into LOCAL (COD_LOCAL,ENDERECO,CEP,CIDADE,ESTADO,COD_PAIS) values (1400,'2014 Jabberwocky Rd','26192','Southlake','Texas','US');
Insert into LOCAL (COD_LOCAL,ENDERECO,CEP,CIDADE,ESTADO,COD_PAIS) values (1500,'2011 Interiors Blvd','99236','South San Francisco','California','US');
Insert into LOCAL (COD_LOCAL,ENDERECO,CEP,CIDADE,ESTADO,COD_PAIS) values (1600,'2007 Zagora St','50090','South Brunswick','New Jersey','US');
Insert into LOCAL (COD_LOCAL,ENDERECO,CEP,CIDADE,ESTADO,COD_PAIS) values (1700,'2004 Charade Rd','98199','Seattle','Washington','US');
Insert into LOCAL (COD_LOCAL,ENDERECO,CEP,CIDADE,ESTADO,COD_PAIS) values (1800,'147 Spadina Ave','M5V 2L7','Toronto','Ontario','CA');
Insert into LOCAL (COD_LOCAL,ENDERECO,CEP,CIDADE,ESTADO,COD_PAIS) values (1900,'6092 Boxwood St','YSW 9T2','Whitehorse','Yukon','CA');
Insert into LOCAL (COD_LOCAL,ENDERECO,CEP,CIDADE,ESTADO,COD_PAIS) values (2000,'40-5-12 Laogianggen','190518','Beijing',null,'CN');
Insert into LOCAL (COD_LOCAL,ENDERECO,CEP,CIDADE,ESTADO,COD_PAIS) values (2100,'1298 Vileparle (E)','490231','Bombay','Maharashtra','IN');
Insert into LOCAL (COD_LOCAL,ENDERECO,CEP,CIDADE,ESTADO,COD_PAIS) values (2200,'12-98 Victoria Street','2901','Sydney','New South Wales','AU');
Insert into LOCAL (COD_LOCAL,ENDERECO,CEP,CIDADE,ESTADO,COD_PAIS) values (2300,'198 Clementi North','540198','Singapore',null,'SG');
Insert into LOCAL (COD_LOCAL,ENDERECO,CEP,CIDADE,ESTADO,COD_PAIS) values (2400,'8204 Arthur St',null,'London',null,'UK');
Insert into LOCAL (COD_LOCAL,ENDERECO,CEP,CIDADE,ESTADO,COD_PAIS) values (2500,'Magdalen Centre, The Oxford Science Park','OX9 9ZB','Oxford','Oxford','UK');
Insert into LOCAL (COD_LOCAL,ENDERECO,CEP,CIDADE,ESTADO,COD_PAIS) values (2600,'9702 Chester Road','09629850293','Stretford','Manchester','UK');
Insert into LOCAL (COD_LOCAL,ENDERECO,CEP,CIDADE,ESTADO,COD_PAIS) values (2700,'Schwanthalerstr. 7031','80925','Munich','Bavaria','DE');
Insert into LOCAL (COD_LOCAL,ENDERECO,CEP,CIDADE,ESTADO,COD_PAIS) values (2800,'Rua Frei Caneca 1360 ','01307-002','Sao Paulo','Sao Paulo','BR');
Insert into LOCAL (COD_LOCAL,ENDERECO,CEP,CIDADE,ESTADO,COD_PAIS) values (2900,'20 Rue des Corps-Saints','1730','Geneva','Geneve','CH');
Insert into LOCAL (COD_LOCAL,ENDERECO,CEP,CIDADE,ESTADO,COD_PAIS) values (3000,'Murtenstrasse 921','3095','Bern','BE','CH');
Insert into LOCAL (COD_LOCAL,ENDERECO,CEP,CIDADE,ESTADO,COD_PAIS) values (3100,'Pieter Breughelstraat 837','3029SK','Utrecht','Utrecht','NL');
Insert into LOCAL (COD_LOCAL,ENDERECO,CEP,CIDADE,ESTADO,COD_PAIS) values (3200,'Mariano Escobedo 9991','11932','Mexico City','Distrito Federal,','MX');

Insert into DEPARTAMENTO (COD_DEP,NOME_DEP,COD_GERENTE,COD_LOCAL) values (10,'Administration',200,1700);
Insert into DEPARTAMENTO (COD_DEP,NOME_DEP,COD_GERENTE,COD_LOCAL) values (20,'Marketing',201,1800);
Insert into DEPARTAMENTO (COD_DEP,NOME_DEP,COD_GERENTE,COD_LOCAL) values (30,'Purchasing',114,1700);
Insert into DEPARTAMENTO (COD_DEP,NOME_DEP,COD_GERENTE,COD_LOCAL) values (40,'Human Resources',203,2400);
Insert into DEPARTAMENTO (COD_DEP,NOME_DEP,COD_GERENTE,COD_LOCAL) values (50,'Shipping',121,1500);
Insert into DEPARTAMENTO (COD_DEP,NOME_DEP,COD_GERENTE,COD_LOCAL) values (60,'IT',103,1400);
Insert into DEPARTAMENTO (COD_DEP,NOME_DEP,COD_GERENTE,COD_LOCAL) values (70,'Public Relations',204,2700);
Insert into DEPARTAMENTO (COD_DEP,NOME_DEP,COD_GERENTE,COD_LOCAL) values (80,'Sales',145,2500);
Insert into DEPARTAMENTO (COD_DEP,NOME_DEP,COD_GERENTE,COD_LOCAL) values (90,'Executive',100,1700);
Insert into DEPARTAMENTO (COD_DEP,NOME_DEP,COD_GERENTE,COD_LOCAL) values (100,'Finance',108,1700);
Insert into DEPARTAMENTO (COD_DEP,NOME_DEP,COD_GERENTE,COD_LOCAL) values (110,'Accounting',205,1700);
Insert into DEPARTAMENTO (COD_DEP,NOME_DEP,COD_GERENTE,COD_LOCAL) values (120,'Treasury',null,1700);
Insert into DEPARTAMENTO (COD_DEP,NOME_DEP,COD_GERENTE,COD_LOCAL) values (130,'Corporate Tax',null,1700);
Insert into DEPARTAMENTO (COD_DEP,NOME_DEP,COD_GERENTE,COD_LOCAL) values (140,'Control And Credit',null,1700);
Insert into DEPARTAMENTO (COD_DEP,NOME_DEP,COD_GERENTE,COD_LOCAL) values (150,'Shareholder Services',null,1700);
Insert into DEPARTAMENTO (COD_DEP,NOME_DEP,COD_GERENTE,COD_LOCAL) values (160,'Benefits',null,1700);
Insert into DEPARTAMENTO (COD_DEP,NOME_DEP,COD_GERENTE,COD_LOCAL) values (170,'Manufacturing',null,1700);
Insert into DEPARTAMENTO (COD_DEP,NOME_DEP,COD_GERENTE,COD_LOCAL) values (180,'Construction',null,1700);
Insert into DEPARTAMENTO (COD_DEP,NOME_DEP,COD_GERENTE,COD_LOCAL) values (190,'Contracting',null,1700);
Insert into DEPARTAMENTO (COD_DEP,NOME_DEP,COD_GERENTE,COD_LOCAL) values (200,'Operations',null,1700);
Insert into DEPARTAMENTO (COD_DEP,NOME_DEP,COD_GERENTE,COD_LOCAL) values (210,'IT Support',null,1700);
Insert into DEPARTAMENTO (COD_DEP,NOME_DEP,COD_GERENTE,COD_LOCAL) values (220,'NOC',null,1700);
Insert into DEPARTAMENTO (COD_DEP,NOME_DEP,COD_GERENTE,COD_LOCAL) values (230,'IT Helpdesk',null,1700);
Insert into DEPARTAMENTO (COD_DEP,NOME_DEP,COD_GERENTE,COD_LOCAL) values (240,'Government Sales',null,1700);
Insert into DEPARTAMENTO (COD_DEP,NOME_DEP,COD_GERENTE,COD_LOCAL) values (250,'Retail Sales',null,1700);
Insert into DEPARTAMENTO (COD_DEP,NOME_DEP,COD_GERENTE,COD_LOCAL) values (260,'Recruiting',null,1700);
Insert into DEPARTAMENTO (COD_DEP,NOME_DEP,COD_GERENTE,COD_LOCAL) values (270,'Payroll',null,1700);

Insert into SERVICO (COD_SERVICO,NOME_SERVICO,SALARIO_MIN,SALARIO_MAX) values ('AD_PRES','President',20000,40000);
Insert into SERVICO (COD_SERVICO,NOME_SERVICO,SALARIO_MIN,SALARIO_MAX) values ('AD_VP','Administration Vice President',15000,30000);
Insert into SERVICO (COD_SERVICO,NOME_SERVICO,SALARIO_MIN,SALARIO_MAX) values ('AD_ASST','Administration Assistant',3000,6000);
Insert into SERVICO (COD_SERVICO,NOME_SERVICO,SALARIO_MIN,SALARIO_MAX) values ('FI_MGR','Finance Manager',8200,16000);
Insert into SERVICO (COD_SERVICO,NOME_SERVICO,SALARIO_MIN,SALARIO_MAX) values ('FI_ACCOUNT','Accountant',4200,9000);
Insert into SERVICO (COD_SERVICO,NOME_SERVICO,SALARIO_MIN,SALARIO_MAX) values ('AC_MGR','Accounting Manager',8200,16000);
Insert into SERVICO (COD_SERVICO,NOME_SERVICO,SALARIO_MIN,SALARIO_MAX) values ('AC_ACCOUNT','Public Accountant',4200,9000);
Insert into SERVICO (COD_SERVICO,NOME_SERVICO,SALARIO_MIN,SALARIO_MAX) values ('SA_MAN','Sales Manager',10000,20000);
Insert into SERVICO (COD_SERVICO,NOME_SERVICO,SALARIO_MIN,SALARIO_MAX) values ('SA_REP','Sales Representative',6000,12000);
Insert into SERVICO (COD_SERVICO,NOME_SERVICO,SALARIO_MIN,SALARIO_MAX) values ('PU_MAN','Purchasing Manager',8000,15000);
Insert into SERVICO (COD_SERVICO,NOME_SERVICO,SALARIO_MIN,SALARIO_MAX) values ('PU_CLERK','Purchasing Clerk',2500,5500);
Insert into SERVICO (COD_SERVICO,NOME_SERVICO,SALARIO_MIN,SALARIO_MAX) values ('ST_MAN','Stock Manager',5500,8500);
Insert into SERVICO (COD_SERVICO,NOME_SERVICO,SALARIO_MIN,SALARIO_MAX) values ('ST_CLERK','Stock Clerk',2000,5000);
Insert into SERVICO (COD_SERVICO,NOME_SERVICO,SALARIO_MIN,SALARIO_MAX) values ('SH_CLERK','Shipping Clerk',2500,5500);
Insert into SERVICO (COD_SERVICO,NOME_SERVICO,SALARIO_MIN,SALARIO_MAX) values ('IT_PROG','Programmer',4000,10000);
Insert into SERVICO (COD_SERVICO,NOME_SERVICO,SALARIO_MIN,SALARIO_MAX) values ('MK_MAN','Marketing Manager',9000,15000);
Insert into SERVICO (COD_SERVICO,NOME_SERVICO,SALARIO_MIN,SALARIO_MAX) values ('MK_REP','Marketing Representative',4000,9000);
Insert into SERVICO (COD_SERVICO,NOME_SERVICO,SALARIO_MIN,SALARIO_MAX) values ('HR_REP','Human Resources Representative',4000,9000);
Insert into SERVICO (COD_SERVICO,NOME_SERVICO,SALARIO_MIN,SALARIO_MAX) values ('PR_REP','Public Relations Representative',4500,10500);

Insert into EMPREGADO (COD_EMP,NOME,SOBRENOME,EMAIL,TELEFONE,DATA_CONTRATACAO,COD_SERVICO,SALARIO,PCT_COMISSAO,COD_GERENTE,COD_DEP) values (100,'Steven','King','SKING','515.123.4567',to_date('17-06-87','DD-MM-RR'),'AD_PRES',24000,null,null,90);
Insert into EMPREGADO (COD_EMP,NOME,SOBRENOME,EMAIL,TELEFONE,DATA_CONTRATACAO,COD_SERVICO,SALARIO,PCT_COMISSAO,COD_GERENTE,COD_DEP) values (101,'Neena','Kochhar','NKOCHHAR','515.123.4568',to_date('21-09-89','DD-MM-RR'),'AD_VP',17000,null,100,90);
Insert into EMPREGADO (COD_EMP,NOME,SOBRENOME,EMAIL,TELEFONE,DATA_CONTRATACAO,COD_SERVICO,SALARIO,PCT_COMISSAO,COD_GERENTE,COD_DEP) values (102,'Lex','De Haan','LDEHAAN','515.123.4569',to_date('13-01-93','DD-MM-RR'),'AD_VP',17000,null,100,90);
Insert into EMPREGADO (COD_EMP,NOME,SOBRENOME,EMAIL,TELEFONE,DATA_CONTRATACAO,COD_SERVICO,SALARIO,PCT_COMISSAO,COD_GERENTE,COD_DEP) values (103,'Alexander','Hunold','AHUNOLD','590.423.4567',to_date('03-01-90','DD-MM-RR'),'IT_PROG',9000,null,102,60);
Insert into EMPREGADO (COD_EMP,NOME,SOBRENOME,EMAIL,TELEFONE,DATA_CONTRATACAO,COD_SERVICO,SALARIO,PCT_COMISSAO,COD_GERENTE,COD_DEP) values (104,'Bruce','Ernst','BERNST','590.423.4568',to_date('21-01-91','DD-MM-RR'),'IT_PROG',6000,null,103,60);
Insert into EMPREGADO (COD_EMP,NOME,SOBRENOME,EMAIL,TELEFONE,DATA_CONTRATACAO,COD_SERVICO,SALARIO,PCT_COMISSAO,COD_GERENTE,COD_DEP) values (105,'David','Austin','DAUSTIN','590.423.4569',to_date('25-06-97','DD-MM-RR'),'IT_PROG',4800,null,103,60);
Insert into EMPREGADO (COD_EMP,NOME,SOBRENOME,EMAIL,TELEFONE,DATA_CONTRATACAO,COD_SERVICO,SALARIO,PCT_COMISSAO,COD_GERENTE,COD_DEP) values (106,'Valli','Pataballa','VPATABAL','590.423.4560',to_date('05-02-98','DD-MM-RR'),'IT_PROG',4800,null,103,60);
Insert into EMPREGADO (COD_EMP,NOME,SOBRENOME,EMAIL,TELEFONE,DATA_CONTRATACAO,COD_SERVICO,SALARIO,PCT_COMISSAO,COD_GERENTE,COD_DEP) values (107,'Diana','Lorentz','DLORENTZ','590.423.5567',to_date('07-02-99','DD-MM-RR'),'IT_PROG',4200,null,103,60);
Insert into EMPREGADO (COD_EMP,NOME,SOBRENOME,EMAIL,TELEFONE,DATA_CONTRATACAO,COD_SERVICO,SALARIO,PCT_COMISSAO,COD_GERENTE,COD_DEP) values (108,'Nancy','Greenberg','NGREENBE','515.124.4569',to_date('17-08-94','DD-MM-RR'),'FI_MGR',12000,null,101,100);
Insert into EMPREGADO (COD_EMP,NOME,SOBRENOME,EMAIL,TELEFONE,DATA_CONTRATACAO,COD_SERVICO,SALARIO,PCT_COMISSAO,COD_GERENTE,COD_DEP) values (109,'Daniel','Faviet','DFAVIET','515.124.4169',to_date('16-08-94','DD-MM-RR'),'FI_ACCOUNT',9000,null,108,100);
Insert into EMPREGADO (COD_EMP,NOME,SOBRENOME,EMAIL,TELEFONE,DATA_CONTRATACAO,COD_SERVICO,SALARIO,PCT_COMISSAO,COD_GERENTE,COD_DEP) values (110,'John','Chen','JCHEN','515.124.4269',to_date('28-09-97','DD-MM-RR'),'FI_ACCOUNT',8200,null,108,100);
Insert into EMPREGADO (COD_EMP,NOME,SOBRENOME,EMAIL,TELEFONE,DATA_CONTRATACAO,COD_SERVICO,SALARIO,PCT_COMISSAO,COD_GERENTE,COD_DEP) values (111,'Ismael','Sciarra','ISCIARRA','515.124.4369',to_date('30-09-97','DD-MM-RR'),'FI_ACCOUNT',7700,null,108,100);
Insert into EMPREGADO (COD_EMP,NOME,SOBRENOME,EMAIL,TELEFONE,DATA_CONTRATACAO,COD_SERVICO,SALARIO,PCT_COMISSAO,COD_GERENTE,COD_DEP) values (112,'Jose Manuel','Urman','JMURMAN','515.124.4469',to_date('07-03-98','DD-MM-RR'),'FI_ACCOUNT',7800,null,108,100);
Insert into EMPREGADO (COD_EMP,NOME,SOBRENOME,EMAIL,TELEFONE,DATA_CONTRATACAO,COD_SERVICO,SALARIO,PCT_COMISSAO,COD_GERENTE,COD_DEP) values (113,'Luis','Popp','LPOPP','515.124.4567',to_date('07-12-99','DD-MM-RR'),'FI_ACCOUNT',6900,null,108,100);
Insert into EMPREGADO (COD_EMP,NOME,SOBRENOME,EMAIL,TELEFONE,DATA_CONTRATACAO,COD_SERVICO,SALARIO,PCT_COMISSAO,COD_GERENTE,COD_DEP) values (114,'Den','Raphaely','DRAPHEAL','515.127.4561',to_date('07-12-94','DD-MM-RR'),'PU_MAN',11000,null,100,30);
Insert into EMPREGADO (COD_EMP,NOME,SOBRENOME,EMAIL,TELEFONE,DATA_CONTRATACAO,COD_SERVICO,SALARIO,PCT_COMISSAO,COD_GERENTE,COD_DEP) values (115,'Alexander','Khoo','AKHOO','515.127.4562',to_date('18-01-95','DD-MM-RR'),'PU_CLERK',3100,null,114,30);
Insert into EMPREGADO (COD_EMP,NOME,SOBRENOME,EMAIL,TELEFONE,DATA_CONTRATACAO,COD_SERVICO,SALARIO,PCT_COMISSAO,COD_GERENTE,COD_DEP) values (116,'Shelli','Baida','SBAIDA','515.127.4563',to_date('24-12-97','DD-MM-RR'),'PU_CLERK',2900,null,114,30);
Insert into EMPREGADO (COD_EMP,NOME,SOBRENOME,EMAIL,TELEFONE,DATA_CONTRATACAO,COD_SERVICO,SALARIO,PCT_COMISSAO,COD_GERENTE,COD_DEP) values (117,'Sigal','Tobias','STOBIAS','515.127.4564',to_date('24-07-97','DD-MM-RR'),'PU_CLERK',2800,null,114,30);
Insert into EMPREGADO (COD_EMP,NOME,SOBRENOME,EMAIL,TELEFONE,DATA_CONTRATACAO,COD_SERVICO,SALARIO,PCT_COMISSAO,COD_GERENTE,COD_DEP) values (118,'Guy','Himuro','GHIMURO','515.127.4565',to_date('15-11-98','DD-MM-RR'),'PU_CLERK',2600,null,114,30);
Insert into EMPREGADO (COD_EMP,NOME,SOBRENOME,EMAIL,TELEFONE,DATA_CONTRATACAO,COD_SERVICO,SALARIO,PCT_COMISSAO,COD_GERENTE,COD_DEP) values (119,'Karen','Colmenares','KCOLMENA','515.127.4566',to_date('10-08-99','DD-MM-RR'),'PU_CLERK',2500,null,114,30);
Insert into EMPREGADO (COD_EMP,NOME,SOBRENOME,EMAIL,TELEFONE,DATA_CONTRATACAO,COD_SERVICO,SALARIO,PCT_COMISSAO,COD_GERENTE,COD_DEP) values (120,'Matthew','Weiss','MWEISS','650.123.1234',to_date('18-07-96','DD-MM-RR'),'ST_MAN',8000,null,100,50);
Insert into EMPREGADO (COD_EMP,NOME,SOBRENOME,EMAIL,TELEFONE,DATA_CONTRATACAO,COD_SERVICO,SALARIO,PCT_COMISSAO,COD_GERENTE,COD_DEP) values (121,'Adam','Fripp','AFRIPP','650.123.2234',to_date('10-04-97','DD-MM-RR'),'ST_MAN',8200,null,100,50);
Insert into EMPREGADO (COD_EMP,NOME,SOBRENOME,EMAIL,TELEFONE,DATA_CONTRATACAO,COD_SERVICO,SALARIO,PCT_COMISSAO,COD_GERENTE,COD_DEP) values (122,'Payam','Kaufling','PKAUFLIN','650.123.3234',to_date('01-01-95','DD-MM-RR'),'ST_MAN',7900,null,100,50);
Insert into EMPREGADO (COD_EMP,NOME,SOBRENOME,EMAIL,TELEFONE,DATA_CONTRATACAO,COD_SERVICO,SALARIO,PCT_COMISSAO,COD_GERENTE,COD_DEP) values (123,'Shanta','Vollman','SVOLLMAN','650.123.4234',to_date('10-10-97','DD-MM-RR'),'ST_MAN',6500,null,100,50);
Insert into EMPREGADO (COD_EMP,NOME,SOBRENOME,EMAIL,TELEFONE,DATA_CONTRATACAO,COD_SERVICO,SALARIO,PCT_COMISSAO,COD_GERENTE,COD_DEP) values (124,'Kevin','Mourgos','KMOURGOS','650.123.5234',to_date('16-11-99','DD-MM-RR'),'ST_MAN',5800,null,100,50);
Insert into EMPREGADO (COD_EMP,NOME,SOBRENOME,EMAIL,TELEFONE,DATA_CONTRATACAO,COD_SERVICO,SALARIO,PCT_COMISSAO,COD_GERENTE,COD_DEP) values (125,'Julia','Nayer','JNAYER','650.124.1214',to_date('16-07-97','DD-MM-RR'),'ST_CLERK',3200,null,120,50);
Insert into EMPREGADO (COD_EMP,NOME,SOBRENOME,EMAIL,TELEFONE,DATA_CONTRATACAO,COD_SERVICO,SALARIO,PCT_COMISSAO,COD_GERENTE,COD_DEP) values (126,'Irene','Mikkilineni','IMIKKILI','650.124.1224',to_date('28-09-98','DD-MM-RR'),'ST_CLERK',2700,null,120,50);
Insert into EMPREGADO (COD_EMP,NOME,SOBRENOME,EMAIL,TELEFONE,DATA_CONTRATACAO,COD_SERVICO,SALARIO,PCT_COMISSAO,COD_GERENTE,COD_DEP) values (127,'James','Landry','JLANDRY','650.124.1334',to_date('14-01-99','DD-MM-RR'),'ST_CLERK',2400,null,120,50);
Insert into EMPREGADO (COD_EMP,NOME,SOBRENOME,EMAIL,TELEFONE,DATA_CONTRATACAO,COD_SERVICO,SALARIO,PCT_COMISSAO,COD_GERENTE,COD_DEP) values (128,'Steven','Markle','SMARKLE','650.124.1434',to_date('08-03-00','DD-MM-RR'),'ST_CLERK',2200,null,120,50);
Insert into EMPREGADO (COD_EMP,NOME,SOBRENOME,EMAIL,TELEFONE,DATA_CONTRATACAO,COD_SERVICO,SALARIO,PCT_COMISSAO,COD_GERENTE,COD_DEP) values (129,'Laura','Bissot','LBISSOT','650.124.5234',to_date('20-08-97','DD-MM-RR'),'ST_CLERK',3300,null,121,50);
Insert into EMPREGADO (COD_EMP,NOME,SOBRENOME,EMAIL,TELEFONE,DATA_CONTRATACAO,COD_SERVICO,SALARIO,PCT_COMISSAO,COD_GERENTE,COD_DEP) values (130,'Mozhe','Atkinson','MATKINSO','650.124.6234',to_date('30-10-97','DD-MM-RR'),'ST_CLERK',2800,null,121,50);
Insert into EMPREGADO (COD_EMP,NOME,SOBRENOME,EMAIL,TELEFONE,DATA_CONTRATACAO,COD_SERVICO,SALARIO,PCT_COMISSAO,COD_GERENTE,COD_DEP) values (131,'James','Marlow','JAMRLOW','650.124.7234',to_date('16-02-97','DD-MM-RR'),'ST_CLERK',2500,null,121,50);
Insert into EMPREGADO (COD_EMP,NOME,SOBRENOME,EMAIL,TELEFONE,DATA_CONTRATACAO,COD_SERVICO,SALARIO,PCT_COMISSAO,COD_GERENTE,COD_DEP) values (132,'TJ','Olson','TJOLSON','650.124.8234',to_date('10-04-99','DD-MM-RR'),'ST_CLERK',2100,null,121,50);
Insert into EMPREGADO (COD_EMP,NOME,SOBRENOME,EMAIL,TELEFONE,DATA_CONTRATACAO,COD_SERVICO,SALARIO,PCT_COMISSAO,COD_GERENTE,COD_DEP) values (133,'Jason','Mallin','JMALLIN','650.127.1934',to_date('14-06-96','DD-MM-RR'),'ST_CLERK',3300,null,122,50);
Insert into EMPREGADO (COD_EMP,NOME,SOBRENOME,EMAIL,TELEFONE,DATA_CONTRATACAO,COD_SERVICO,SALARIO,PCT_COMISSAO,COD_GERENTE,COD_DEP) values (134,'Michael','Rogers','MROGERS','650.127.1834',to_date('26-08-98','DD-MM-RR'),'ST_CLERK',2900,null,122,50);
Insert into EMPREGADO (COD_EMP,NOME,SOBRENOME,EMAIL,TELEFONE,DATA_CONTRATACAO,COD_SERVICO,SALARIO,PCT_COMISSAO,COD_GERENTE,COD_DEP) values (135,'Ki','Gee','KGEE','650.127.1734',to_date('12-12-99','DD-MM-RR'),'ST_CLERK',2400,null,122,50);
Insert into EMPREGADO (COD_EMP,NOME,SOBRENOME,EMAIL,TELEFONE,DATA_CONTRATACAO,COD_SERVICO,SALARIO,PCT_COMISSAO,COD_GERENTE,COD_DEP) values (136,'Hazel','Philtanker','HPHILTAN','650.127.1634',to_date('06-02-00','DD-MM-RR'),'ST_CLERK',2200,null,122,50);
Insert into EMPREGADO (COD_EMP,NOME,SOBRENOME,EMAIL,TELEFONE,DATA_CONTRATACAO,COD_SERVICO,SALARIO,PCT_COMISSAO,COD_GERENTE,COD_DEP) values (137,'Renske','Ladwig','RLADWIG','650.121.1234',to_date('14-07-95','DD-MM-RR'),'ST_CLERK',3600,null,123,50);
Insert into EMPREGADO (COD_EMP,NOME,SOBRENOME,EMAIL,TELEFONE,DATA_CONTRATACAO,COD_SERVICO,SALARIO,PCT_COMISSAO,COD_GERENTE,COD_DEP) values (138,'Stephen','Stiles','SSTILES','650.121.2034',to_date('26-10-97','DD-MM-RR'),'ST_CLERK',3200,null,123,50);
Insert into EMPREGADO (COD_EMP,NOME,SOBRENOME,EMAIL,TELEFONE,DATA_CONTRATACAO,COD_SERVICO,SALARIO,PCT_COMISSAO,COD_GERENTE,COD_DEP) values (139,'John','Seo','JSEO','650.121.2019',to_date('12-02-98','DD-MM-RR'),'ST_CLERK',2700,null,123,50);
Insert into EMPREGADO (COD_EMP,NOME,SOBRENOME,EMAIL,TELEFONE,DATA_CONTRATACAO,COD_SERVICO,SALARIO,PCT_COMISSAO,COD_GERENTE,COD_DEP) values (140,'Joshua','Patel','JPATEL','650.121.1834',to_date('06-04-98','DD-MM-RR'),'ST_CLERK',2500,null,123,50);
Insert into EMPREGADO (COD_EMP,NOME,SOBRENOME,EMAIL,TELEFONE,DATA_CONTRATACAO,COD_SERVICO,SALARIO,PCT_COMISSAO,COD_GERENTE,COD_DEP) values (141,'Trenna','Rajs','TRAJS','650.121.8009',to_date('17-10-95','DD-MM-RR'),'ST_CLERK',3500,null,124,50);
Insert into EMPREGADO (COD_EMP,NOME,SOBRENOME,EMAIL,TELEFONE,DATA_CONTRATACAO,COD_SERVICO,SALARIO,PCT_COMISSAO,COD_GERENTE,COD_DEP) values (142,'Curtis','Davies','CDAVIES','650.121.2994',to_date('29-01-97','DD-MM-RR'),'ST_CLERK',3100,null,124,50);
Insert into EMPREGADO (COD_EMP,NOME,SOBRENOME,EMAIL,TELEFONE,DATA_CONTRATACAO,COD_SERVICO,SALARIO,PCT_COMISSAO,COD_GERENTE,COD_DEP) values (143,'Randall','Matos','RMATOS','650.121.2874',to_date('15-03-98','DD-MM-RR'),'ST_CLERK',2600,null,124,50);
Insert into EMPREGADO (COD_EMP,NOME,SOBRENOME,EMAIL,TELEFONE,DATA_CONTRATACAO,COD_SERVICO,SALARIO,PCT_COMISSAO,COD_GERENTE,COD_DEP) values (144,'Peter','Vargas','PVARGAS','650.121.2004',to_date('09-07-98','DD-MM-RR'),'ST_CLERK',2500,null,124,50);
Insert into EMPREGADO (COD_EMP,NOME,SOBRENOME,EMAIL,TELEFONE,DATA_CONTRATACAO,COD_SERVICO,SALARIO,PCT_COMISSAO,COD_GERENTE,COD_DEP) values (145,'John','Russell','JRUSSEL','011.44.1344.429268',to_date('01-10-96','DD-MM-RR'),'SA_MAN',14000,0.4,100,80);
Insert into EMPREGADO (COD_EMP,NOME,SOBRENOME,EMAIL,TELEFONE,DATA_CONTRATACAO,COD_SERVICO,SALARIO,PCT_COMISSAO,COD_GERENTE,COD_DEP) values (146,'Karen','Partners','KPARTNER','011.44.1344.467268',to_date('05-01-97','DD-MM-RR'),'SA_MAN',13500,0.3,100,80);
Insert into EMPREGADO (COD_EMP,NOME,SOBRENOME,EMAIL,TELEFONE,DATA_CONTRATACAO,COD_SERVICO,SALARIO,PCT_COMISSAO,COD_GERENTE,COD_DEP) values (147,'Alberto','Errazuriz','AERRAZUR','011.44.1344.429278',to_date('10-03-97','DD-MM-RR'),'SA_MAN',12000,0.3,100,80);
Insert into EMPREGADO (COD_EMP,NOME,SOBRENOME,EMAIL,TELEFONE,DATA_CONTRATACAO,COD_SERVICO,SALARIO,PCT_COMISSAO,COD_GERENTE,COD_DEP) values (148,'Gerald','Cambrault','GCAMBRAU','011.44.1344.619268',to_date('15-10-99','DD-MM-RR'),'SA_MAN',11000,0.3,100,80);
Insert into EMPREGADO (COD_EMP,NOME,SOBRENOME,EMAIL,TELEFONE,DATA_CONTRATACAO,COD_SERVICO,SALARIO,PCT_COMISSAO,COD_GERENTE,COD_DEP) values (149,'Eleni','Zlotkey','EZLOTKEY','011.44.1344.429018',to_date('29-01-00','DD-MM-RR'),'SA_MAN',10500,0.2,100,80);
Insert into EMPREGADO (COD_EMP,NOME,SOBRENOME,EMAIL,TELEFONE,DATA_CONTRATACAO,COD_SERVICO,SALARIO,PCT_COMISSAO,COD_GERENTE,COD_DEP) values (150,'Peter','Tucker','PTUCKER','011.44.1344.129268',to_date('30-01-97','DD-MM-RR'),'SA_REP',10000,0.3,145,80);
Insert into EMPREGADO (COD_EMP,NOME,SOBRENOME,EMAIL,TELEFONE,DATA_CONTRATACAO,COD_SERVICO,SALARIO,PCT_COMISSAO,COD_GERENTE,COD_DEP) values (151,'David','Bernstein','DBERNSTE','011.44.1344.345268',to_date('24-03-97','DD-MM-RR'),'SA_REP',9500,0.25,145,80);
Insert into EMPREGADO (COD_EMP,NOME,SOBRENOME,EMAIL,TELEFONE,DATA_CONTRATACAO,COD_SERVICO,SALARIO,PCT_COMISSAO,COD_GERENTE,COD_DEP) values (152,'Peter','Hall','PHALL','011.44.1344.478968',to_date('20-08-97','DD-MM-RR'),'SA_REP',9000,0.25,145,80);
Insert into EMPREGADO (COD_EMP,NOME,SOBRENOME,EMAIL,TELEFONE,DATA_CONTRATACAO,COD_SERVICO,SALARIO,PCT_COMISSAO,COD_GERENTE,COD_DEP) values (153,'Christopher','Olsen','COLSEN','011.44.1344.498718',to_date('30-03-98','DD-MM-RR'),'SA_REP',8000,0.2,145,80);
Insert into EMPREGADO (COD_EMP,NOME,SOBRENOME,EMAIL,TELEFONE,DATA_CONTRATACAO,COD_SERVICO,SALARIO,PCT_COMISSAO,COD_GERENTE,COD_DEP) values (154,'Nanette','Cambrault','NCAMBRAU','011.44.1344.987668',to_date('09-12-98','DD-MM-RR'),'SA_REP',7500,0.2,145,80);
Insert into EMPREGADO (COD_EMP,NOME,SOBRENOME,EMAIL,TELEFONE,DATA_CONTRATACAO,COD_SERVICO,SALARIO,PCT_COMISSAO,COD_GERENTE,COD_DEP) values (155,'Oliver','Tuvault','OTUVAULT','011.44.1344.486508',to_date('23-11-99','DD-MM-RR'),'SA_REP',7000,0.15,145,80);
Insert into EMPREGADO (COD_EMP,NOME,SOBRENOME,EMAIL,TELEFONE,DATA_CONTRATACAO,COD_SERVICO,SALARIO,PCT_COMISSAO,COD_GERENTE,COD_DEP) values (156,'Janette','King','JKING','011.44.1345.429268',to_date('30-01-96','DD-MM-RR'),'SA_REP',10000,0.35,146,80);
Insert into EMPREGADO (COD_EMP,NOME,SOBRENOME,EMAIL,TELEFONE,DATA_CONTRATACAO,COD_SERVICO,SALARIO,PCT_COMISSAO,COD_GERENTE,COD_DEP) values (157,'Patrick','Sully','PSULLY','011.44.1345.929268',to_date('04-03-96','DD-MM-RR'),'SA_REP',9500,0.35,146,80);
Insert into EMPREGADO (COD_EMP,NOME,SOBRENOME,EMAIL,TELEFONE,DATA_CONTRATACAO,COD_SERVICO,SALARIO,PCT_COMISSAO,COD_GERENTE,COD_DEP) values (158,'Allan','McEwen','AMCEWEN','011.44.1345.829268',to_date('01-08-96','DD-MM-RR'),'SA_REP',9000,0.35,146,80);
Insert into EMPREGADO (COD_EMP,NOME,SOBRENOME,EMAIL,TELEFONE,DATA_CONTRATACAO,COD_SERVICO,SALARIO,PCT_COMISSAO,COD_GERENTE,COD_DEP) values (159,'Lindsey','Smith','LSMITH','011.44.1345.729268',to_date('10-03-97','DD-MM-RR'),'SA_REP',8000,0.3,146,80);
Insert into EMPREGADO (COD_EMP,NOME,SOBRENOME,EMAIL,TELEFONE,DATA_CONTRATACAO,COD_SERVICO,SALARIO,PCT_COMISSAO,COD_GERENTE,COD_DEP) values (160,'Louise','Doran','LDORAN','011.44.1345.629268',to_date('15-12-97','DD-MM-RR'),'SA_REP',7500,0.3,146,80);
Insert into EMPREGADO (COD_EMP,NOME,SOBRENOME,EMAIL,TELEFONE,DATA_CONTRATACAO,COD_SERVICO,SALARIO,PCT_COMISSAO,COD_GERENTE,COD_DEP) values (161,'Sarath','Sewall','SSEWALL','011.44.1345.529268',to_date('03-11-98','DD-MM-RR'),'SA_REP',7000,0.25,146,80);
Insert into EMPREGADO (COD_EMP,NOME,SOBRENOME,EMAIL,TELEFONE,DATA_CONTRATACAO,COD_SERVICO,SALARIO,PCT_COMISSAO,COD_GERENTE,COD_DEP) values (162,'Clara','Vishney','CVISHNEY','011.44.1346.129268',to_date('11-11-97','DD-MM-RR'),'SA_REP',10500,0.25,147,80);
Insert into EMPREGADO (COD_EMP,NOME,SOBRENOME,EMAIL,TELEFONE,DATA_CONTRATACAO,COD_SERVICO,SALARIO,PCT_COMISSAO,COD_GERENTE,COD_DEP) values (163,'Danielle','Greene','DGREENE','011.44.1346.229268',to_date('19-03-99','DD-MM-RR'),'SA_REP',9500,0.15,147,80);
Insert into EMPREGADO (COD_EMP,NOME,SOBRENOME,EMAIL,TELEFONE,DATA_CONTRATACAO,COD_SERVICO,SALARIO,PCT_COMISSAO,COD_GERENTE,COD_DEP) values (164,'Mattea','Marvins','MMARVINS','011.44.1346.329268',to_date('24-01-00','DD-MM-RR'),'SA_REP',7200,0.1,147,80);
Insert into EMPREGADO (COD_EMP,NOME,SOBRENOME,EMAIL,TELEFONE,DATA_CONTRATACAO,COD_SERVICO,SALARIO,PCT_COMISSAO,COD_GERENTE,COD_DEP) values (165,'David','Lee','DLEE','011.44.1346.529268',to_date('23-02-00','DD-MM-RR'),'SA_REP',6800,0.1,147,80);
Insert into EMPREGADO (COD_EMP,NOME,SOBRENOME,EMAIL,TELEFONE,DATA_CONTRATACAO,COD_SERVICO,SALARIO,PCT_COMISSAO,COD_GERENTE,COD_DEP) values (166,'Sundar','Ande','SANDE','011.44.1346.629268',to_date('24-03-00','DD-MM-RR'),'SA_REP',6400,0.1,147,80);
Insert into EMPREGADO (COD_EMP,NOME,SOBRENOME,EMAIL,TELEFONE,DATA_CONTRATACAO,COD_SERVICO,SALARIO,PCT_COMISSAO,COD_GERENTE,COD_DEP) values (167,'Amit','Banda','ABANDA','011.44.1346.729268',to_date('21-04-00','DD-MM-RR'),'SA_REP',6200,0.1,147,80);
Insert into EMPREGADO (COD_EMP,NOME,SOBRENOME,EMAIL,TELEFONE,DATA_CONTRATACAO,COD_SERVICO,SALARIO,PCT_COMISSAO,COD_GERENTE,COD_DEP) values (168,'Lisa','Ozer','LOZER','011.44.1343.929268',to_date('11-03-97','DD-MM-RR'),'SA_REP',11500,0.25,148,80);
Insert into EMPREGADO (COD_EMP,NOME,SOBRENOME,EMAIL,TELEFONE,DATA_CONTRATACAO,COD_SERVICO,SALARIO,PCT_COMISSAO,COD_GERENTE,COD_DEP) values (169,'Harrison','Bloom','HBLOOM','011.44.1343.829268',to_date('23-03-98','DD-MM-RR'),'SA_REP',10000,0.2,148,80);
Insert into EMPREGADO (COD_EMP,NOME,SOBRENOME,EMAIL,TELEFONE,DATA_CONTRATACAO,COD_SERVICO,SALARIO,PCT_COMISSAO,COD_GERENTE,COD_DEP) values (170,'Tayler','Fox','TFOX','011.44.1343.729268',to_date('24-01-98','DD-MM-RR'),'SA_REP',9600,0.2,148,80);
Insert into EMPREGADO (COD_EMP,NOME,SOBRENOME,EMAIL,TELEFONE,DATA_CONTRATACAO,COD_SERVICO,SALARIO,PCT_COMISSAO,COD_GERENTE,COD_DEP) values (171,'William','Smith','WSMITH','011.44.1343.629268',to_date('23-02-99','DD-MM-RR'),'SA_REP',7400,0.15,148,80);
Insert into EMPREGADO (COD_EMP,NOME,SOBRENOME,EMAIL,TELEFONE,DATA_CONTRATACAO,COD_SERVICO,SALARIO,PCT_COMISSAO,COD_GERENTE,COD_DEP) values (172,'Elizabeth','Bates','EBATES','011.44.1343.529268',to_date('24-03-99','DD-MM-RR'),'SA_REP',7300,0.15,148,80);
Insert into EMPREGADO (COD_EMP,NOME,SOBRENOME,EMAIL,TELEFONE,DATA_CONTRATACAO,COD_SERVICO,SALARIO,PCT_COMISSAO,COD_GERENTE,COD_DEP) values (173,'Sundita','Kumar','SKUMAR','011.44.1343.329268',to_date('21-04-00','DD-MM-RR'),'SA_REP',6100,0.1,148,80);
Insert into EMPREGADO (COD_EMP,NOME,SOBRENOME,EMAIL,TELEFONE,DATA_CONTRATACAO,COD_SERVICO,SALARIO,PCT_COMISSAO,COD_GERENTE,COD_DEP) values (174,'Ellen','Abel','EABEL','011.44.1644.429267',to_date('11-01-96','DD-MM-RR'),'SA_REP',11000,0.3,149,80);
Insert into EMPREGADO (COD_EMP,NOME,SOBRENOME,EMAIL,TELEFONE,DATA_CONTRATACAO,COD_SERVICO,SALARIO,PCT_COMISSAO,COD_GERENTE,COD_DEP) values (175,'Alyssa','Hutton','AHUTTON','011.44.1644.429266',to_date('19-03-97','DD-MM-RR'),'SA_REP',8800,0.25,149,80);
Insert into EMPREGADO (COD_EMP,NOME,SOBRENOME,EMAIL,TELEFONE,DATA_CONTRATACAO,COD_SERVICO,SALARIO,PCT_COMISSAO,COD_GERENTE,COD_DEP) values (176,'Jonathon','Taylor','JTAYLOR','011.44.1644.429265',to_date('24-03-98','DD-MM-RR'),'SA_REP',8600,0.2,149,80);
Insert into EMPREGADO (COD_EMP,NOME,SOBRENOME,EMAIL,TELEFONE,DATA_CONTRATACAO,COD_SERVICO,SALARIO,PCT_COMISSAO,COD_GERENTE,COD_DEP) values (177,'Jack','Livingston','JLIVINGS','011.44.1644.429264',to_date('23-04-98','DD-MM-RR'),'SA_REP',8400,0.2,149,80);
Insert into EMPREGADO (COD_EMP,NOME,SOBRENOME,EMAIL,TELEFONE,DATA_CONTRATACAO,COD_SERVICO,SALARIO,PCT_COMISSAO,COD_GERENTE,COD_DEP) values (178,'Kimberely','Grant','KGRANT','011.44.1644.429263',to_date('24-01-99','DD-MM-RR'),'SA_REP',7000,0.15,149,null);
Insert into EMPREGADO (COD_EMP,NOME,SOBRENOME,EMAIL,TELEFONE,DATA_CONTRATACAO,COD_SERVICO,SALARIO,PCT_COMISSAO,COD_GERENTE,COD_DEP) values (179,'Charles','Johnson','CJOHNSON','011.44.1644.429262',to_date('04-01-00','DD-MM-RR'),'SA_REP',6200,0.1,149,80);
Insert into EMPREGADO (COD_EMP,NOME,SOBRENOME,EMAIL,TELEFONE,DATA_CONTRATACAO,COD_SERVICO,SALARIO,PCT_COMISSAO,COD_GERENTE,COD_DEP) values (180,'Winston','Taylor','WTAYLOR','650.507.9876',to_date('24-01-98','DD-MM-RR'),'SH_CLERK',3200,null,120,50);
Insert into EMPREGADO (COD_EMP,NOME,SOBRENOME,EMAIL,TELEFONE,DATA_CONTRATACAO,COD_SERVICO,SALARIO,PCT_COMISSAO,COD_GERENTE,COD_DEP) values (181,'Jean','Fleaur','JFLEAUR','650.507.9877',to_date('23-02-98','DD-MM-RR'),'SH_CLERK',3100,null,120,50);
Insert into EMPREGADO (COD_EMP,NOME,SOBRENOME,EMAIL,TELEFONE,DATA_CONTRATACAO,COD_SERVICO,SALARIO,PCT_COMISSAO,COD_GERENTE,COD_DEP) values (182,'Martha','Sullivan','MSULLIVA','650.507.9878',to_date('21-06-99','DD-MM-RR'),'SH_CLERK',2500,null,120,50);
Insert into EMPREGADO (COD_EMP,NOME,SOBRENOME,EMAIL,TELEFONE,DATA_CONTRATACAO,COD_SERVICO,SALARIO,PCT_COMISSAO,COD_GERENTE,COD_DEP) values (183,'Girard','Geoni','GGEONI','650.507.9879',to_date('03-02-00','DD-MM-RR'),'SH_CLERK',2800,null,120,50);
Insert into EMPREGADO (COD_EMP,NOME,SOBRENOME,EMAIL,TELEFONE,DATA_CONTRATACAO,COD_SERVICO,SALARIO,PCT_COMISSAO,COD_GERENTE,COD_DEP) values (184,'Nandita','Sarchand','NSARCHAN','650.509.1876',to_date('27-01-96','DD-MM-RR'),'SH_CLERK',4200,null,121,50);
Insert into EMPREGADO (COD_EMP,NOME,SOBRENOME,EMAIL,TELEFONE,DATA_CONTRATACAO,COD_SERVICO,SALARIO,PCT_COMISSAO,COD_GERENTE,COD_DEP) values (185,'Alexis','Bull','ABULL','650.509.2876',to_date('20-02-97','DD-MM-RR'),'SH_CLERK',4100,null,121,50);
Insert into EMPREGADO (COD_EMP,NOME,SOBRENOME,EMAIL,TELEFONE,DATA_CONTRATACAO,COD_SERVICO,SALARIO,PCT_COMISSAO,COD_GERENTE,COD_DEP) values (186,'Julia','Dellinger','JDELLING','650.509.3876',to_date('24-06-98','DD-MM-RR'),'SH_CLERK',3400,null,121,50);
Insert into EMPREGADO (COD_EMP,NOME,SOBRENOME,EMAIL,TELEFONE,DATA_CONTRATACAO,COD_SERVICO,SALARIO,PCT_COMISSAO,COD_GERENTE,COD_DEP) values (187,'Anthony','Cabrio','ACABRIO','650.509.4876',to_date('07-02-99','DD-MM-RR'),'SH_CLERK',3000,null,121,50);
Insert into EMPREGADO (COD_EMP,NOME,SOBRENOME,EMAIL,TELEFONE,DATA_CONTRATACAO,COD_SERVICO,SALARIO,PCT_COMISSAO,COD_GERENTE,COD_DEP) values (188,'Kelly','Chung','KCHUNG','650.505.1876',to_date('14-06-97','DD-MM-RR'),'SH_CLERK',3800,null,122,50);
Insert into EMPREGADO (COD_EMP,NOME,SOBRENOME,EMAIL,TELEFONE,DATA_CONTRATACAO,COD_SERVICO,SALARIO,PCT_COMISSAO,COD_GERENTE,COD_DEP) values (189,'Jennifer','Dilly','JDILLY','650.505.2876',to_date('13-08-97','DD-MM-RR'),'SH_CLERK',3600,null,122,50);
Insert into EMPREGADO (COD_EMP,NOME,SOBRENOME,EMAIL,TELEFONE,DATA_CONTRATACAO,COD_SERVICO,SALARIO,PCT_COMISSAO,COD_GERENTE,COD_DEP) values (190,'Timothy','Gates','TGATES','650.505.3876',to_date('11-07-98','DD-MM-RR'),'SH_CLERK',2900,null,122,50);
Insert into EMPREGADO (COD_EMP,NOME,SOBRENOME,EMAIL,TELEFONE,DATA_CONTRATACAO,COD_SERVICO,SALARIO,PCT_COMISSAO,COD_GERENTE,COD_DEP) values (191,'Randall','Perkins','RPERKINS','650.505.4876',to_date('19-12-99','DD-MM-RR'),'SH_CLERK',2500,null,122,50);
Insert into EMPREGADO (COD_EMP,NOME,SOBRENOME,EMAIL,TELEFONE,DATA_CONTRATACAO,COD_SERVICO,SALARIO,PCT_COMISSAO,COD_GERENTE,COD_DEP) values (192,'Sarah','Bell','SBELL','650.501.1876',to_date('04-02-96','DD-MM-RR'),'SH_CLERK',4000,null,123,50);
Insert into EMPREGADO (COD_EMP,NOME,SOBRENOME,EMAIL,TELEFONE,DATA_CONTRATACAO,COD_SERVICO,SALARIO,PCT_COMISSAO,COD_GERENTE,COD_DEP) values (193,'Britney','Everett','BEVERETT','650.501.2876',to_date('03-03-97','DD-MM-RR'),'SH_CLERK',3900,null,123,50);
Insert into EMPREGADO (COD_EMP,NOME,SOBRENOME,EMAIL,TELEFONE,DATA_CONTRATACAO,COD_SERVICO,SALARIO,PCT_COMISSAO,COD_GERENTE,COD_DEP) values (194,'Samuel','McCain','SMCCAIN','650.501.3876',to_date('01-07-98','DD-MM-RR'),'SH_CLERK',3200,null,123,50);
Insert into EMPREGADO (COD_EMP,NOME,SOBRENOME,EMAIL,TELEFONE,DATA_CONTRATACAO,COD_SERVICO,SALARIO,PCT_COMISSAO,COD_GERENTE,COD_DEP) values (195,'Vance','Jones','VJONES','650.501.4876',to_date('17-03-99','DD-MM-RR'),'SH_CLERK',2800,null,123,50);
Insert into EMPREGADO (COD_EMP,NOME,SOBRENOME,EMAIL,TELEFONE,DATA_CONTRATACAO,COD_SERVICO,SALARIO,PCT_COMISSAO,COD_GERENTE,COD_DEP) values (196,'Alana','Walsh','AWALSH','650.507.9811',to_date('24-04-98','DD-MM-RR'),'SH_CLERK',3100,null,124,50);
Insert into EMPREGADO (COD_EMP,NOME,SOBRENOME,EMAIL,TELEFONE,DATA_CONTRATACAO,COD_SERVICO,SALARIO,PCT_COMISSAO,COD_GERENTE,COD_DEP) values (197,'Kevin','Feeney','KFEENEY','650.507.9822',to_date('23-01-98','DD-MM-RR'),'SH_CLERK',3000,null,124,50);
Insert into EMPREGADO (COD_EMP,NOME,SOBRENOME,EMAIL,TELEFONE,DATA_CONTRATACAO,COD_SERVICO,SALARIO,PCT_COMISSAO,COD_GERENTE,COD_DEP) values (198,'Donald','OConnell','DOCONNEL','650.507.9833',to_date('21-06-99','DD-MM-RR'),'SH_CLERK',2600,null,124,50);
Insert into EMPREGADO (COD_EMP,NOME,SOBRENOME,EMAIL,TELEFONE,DATA_CONTRATACAO,COD_SERVICO,SALARIO,PCT_COMISSAO,COD_GERENTE,COD_DEP) values (199,'Douglas','Grant','DGRANT','650.507.9844',to_date('13-01-00','DD-MM-RR'),'SH_CLERK',2600,null,124,50);
Insert into EMPREGADO (COD_EMP,NOME,SOBRENOME,EMAIL,TELEFONE,DATA_CONTRATACAO,COD_SERVICO,SALARIO,PCT_COMISSAO,COD_GERENTE,COD_DEP) values (200,'Jennifer','Whalen','JWHALEN','515.123.4444',to_date('17-09-87','DD-MM-RR'),'AD_ASST',4400,null,101,10);
Insert into EMPREGADO (COD_EMP,NOME,SOBRENOME,EMAIL,TELEFONE,DATA_CONTRATACAO,COD_SERVICO,SALARIO,PCT_COMISSAO,COD_GERENTE,COD_DEP) values (201,'Michael','Hartstein','MHARTSTE','515.123.5555',to_date('17-02-96','DD-MM-RR'),'MK_MAN',13000,null,100,20);
Insert into EMPREGADO (COD_EMP,NOME,SOBRENOME,EMAIL,TELEFONE,DATA_CONTRATACAO,COD_SERVICO,SALARIO,PCT_COMISSAO,COD_GERENTE,COD_DEP) values (202,'Pat','Fay','PFAY','603.123.6666',to_date('17-08-97','DD-MM-RR'),'MK_REP',6000,null,201,20);
Insert into EMPREGADO (COD_EMP,NOME,SOBRENOME,EMAIL,TELEFONE,DATA_CONTRATACAO,COD_SERVICO,SALARIO,PCT_COMISSAO,COD_GERENTE,COD_DEP) values (203,'Susan','Mavris','SMAVRIS','515.123.7777',to_date('07-06-94','DD-MM-RR'),'HR_REP',6500,null,101,40);
Insert into EMPREGADO (COD_EMP,NOME,SOBRENOME,EMAIL,TELEFONE,DATA_CONTRATACAO,COD_SERVICO,SALARIO,PCT_COMISSAO,COD_GERENTE,COD_DEP) values (204,'Hermann','Baer','HBAER','515.123.8888',to_date('07-06-94','DD-MM-RR'),'PR_REP',10000,null,101,70);
Insert into EMPREGADO (COD_EMP,NOME,SOBRENOME,EMAIL,TELEFONE,DATA_CONTRATACAO,COD_SERVICO,SALARIO,PCT_COMISSAO,COD_GERENTE,COD_DEP) values (205,'Shelley','Higgins','SHIGGINS','515.123.8080',to_date('07-06-94','DD-MM-RR'),'AC_MGR',12000,null,101,110);
Insert into EMPREGADO (COD_EMP,NOME,SOBRENOME,EMAIL,TELEFONE,DATA_CONTRATACAO,COD_SERVICO,SALARIO,PCT_COMISSAO,COD_GERENTE,COD_DEP) values (206,'William','Gietz','WGIETZ','515.123.8181',to_date('07-06-94','DD-MM-RR'),'AC_ACCOUNT',8300,null,205,110);

Insert into HISTORIA_EMPREGADO (COD_EMP,DATA_INICIO,DATA_FIM,COD_SERVICO,COD_DEP) values (102,to_date('13-01-93','DD-MM-RR'),to_date('24-07-98','DD-MM-RR'),'IT_PROG',60);
Insert into HISTORIA_EMPREGADO (COD_EMP,DATA_INICIO,DATA_FIM,COD_SERVICO,COD_DEP) values (101,to_date('21-09-89','DD-MM-RR'),to_date('27-10-93','DD-MM-RR'),'AC_ACCOUNT',110);
Insert into HISTORIA_EMPREGADO (COD_EMP,DATA_INICIO,DATA_FIM,COD_SERVICO,COD_DEP) values (101,to_date('28-10-93','DD-MM-RR'),to_date('15-03-97','DD-MM-RR'),'AC_MGR',110);
Insert into HISTORIA_EMPREGADO (COD_EMP,DATA_INICIO,DATA_FIM,COD_SERVICO,COD_DEP) values (201,to_date('17-02-96','DD-MM-RR'),to_date('19-12-99','DD-MM-RR'),'MK_REP',20);
Insert into HISTORIA_EMPREGADO (COD_EMP,DATA_INICIO,DATA_FIM,COD_SERVICO,COD_DEP) values (114,to_date('24-03-98','DD-MM-RR'),to_date('31-12-99','DD-MM-RR'),'ST_CLERK',50);
Insert into HISTORIA_EMPREGADO (COD_EMP,DATA_INICIO,DATA_FIM,COD_SERVICO,COD_DEP) values (122,to_date('01-01-99','DD-MM-RR'),to_date('31-12-99','DD-MM-RR'),'ST_CLERK',50);
Insert into HISTORIA_EMPREGADO (COD_EMP,DATA_INICIO,DATA_FIM,COD_SERVICO,COD_DEP) values (200,to_date('17-09-87','DD-MM-RR'),to_date('17-06-93','DD-MM-RR'),'AD_ASST',90);
Insert into HISTORIA_EMPREGADO (COD_EMP,DATA_INICIO,DATA_FIM,COD_SERVICO,COD_DEP) values (176,to_date('24-03-98','DD-MM-RR'),to_date('31-12-98','DD-MM-RR'),'SA_REP',80);
Insert into HISTORIA_EMPREGADO (COD_EMP,DATA_INICIO,DATA_FIM,COD_SERVICO,COD_DEP) values (176,to_date('01-01-99','DD-MM-RR'),to_date('31-12-99','DD-MM-RR'),'SA_MAN',80);
Insert into HISTORIA_EMPREGADO (COD_EMP,DATA_INICIO,DATA_FIM,COD_SERVICO,COD_DEP) values (200,to_date('01-07-94','DD-MM-RR'),to_date('31-12-98','DD-MM-RR'),'AC_ACCOUNT',90);

ALTER TABLE PAIS ADD CONSTRAINT COUNTR_REG_FK FOREIGN KEY (COD_REGIAO) REFERENCES REGIAO (COD_REGIAO) ENABLE
;

ALTER TABLE LOCAL ADD CONSTRAINT LOC_C_ID_FK FOREIGN KEY (COD_PAIS) REFERENCES PAIS (COD_PAIS) ENABLE
;

ALTER TABLE DEPARTAMENTO ADD CONSTRAINT DEPT_LOC_FK FOREIGN KEY (COD_LOCAL) REFERENCES LOCAL (COD_LOCAL) ENABLE
;

ALTER TABLE EMPREGADO ADD CONSTRAINT EMP_MANAGER_FK FOREIGN KEY (COD_GERENTE) REFERENCES EMPREGADO (COD_EMP) ENABLE
;

ALTER TABLE EMPREGADO ADD CONSTRAINT EMP_DEPT_FK FOREIGN KEY (COD_DEP) REFERENCES DEPARTAMENTO (COD_DEP) ENABLE
;

ALTER TABLE EMPREGADO ADD CONSTRAINT EMP_JOB_FK FOREIGN KEY (COD_SERVICO) REFERENCES SERVICO (COD_SERVICO) ENABLE
;

ALTER TABLE HISTORIA_EMPREGADO ADD CONSTRAINT JHIST_JOB_FK FOREIGN KEY (COD_SERVICO) REFERENCES SERVICO (COD_SERVICO) ENABLE
;

ALTER TABLE HISTORIA_EMPREGADO ADD CONSTRAINT JHIST_EMP_FK FOREIGN KEY (COD_EMP) REFERENCES EMPREGADO (COD_EMP) ENABLE
;

ALTER TABLE HISTORIA_EMPREGADO ADD CONSTRAINT JHIST_DEPT_FK FOREIGN KEY (COD_DEP) REFERENCES DEPARTAMENTO (COD_DEP) ENABLE
;

CREATE SEQUENCE SQ_EMPREGADO
 START WITH     206
 INCREMENT BY   1
 MAXVALUE       999999
 NOCACHE
 NOCYCLE
;
